<?xml version="1.0" encoding="utf-8"?>
<!DOCTYPE module SYSTEM "../messages.dtd">
<messages>
	<message id="settings_label_transferoffers_enabled">Direkttransfers erlauben: Benutzer dürfen ausserhalb des Transfermarketes direkt Transferangebote an andere Manager senden.</message> 
	<message id="settings_label_transferoffers_transfer_stop_days">Wechselsperre</message> 
	<message id="settings_label_transferoffers_transfer_stop_days_help">in Tagen. Spieler können innerhalb dieser Zeit nach dem letzten Transfer nicht den Verein wechseln.</message> 
	<message id="settings_label_transferoffers_adminapproval_required">Ein vereinbarter Direkttransfer muss von einem Administrator genehmigt werden.</message> 
	<message id="settings_label_transferoffers_contract_matches">Vertragslänge bei Direkttransfers</message> 
	<message id="settings_label_transferoffers_contract_matches_help">in Anzahl Spiele</message> 
	
	<message id="button_approve">Freigeben</message> 
	
	<message id="transferoffer_approval_success">Der Transfer wurde erfolgreich durchgeführt.</message> 
</messages>