<?xml version="1.0" encoding="utf-8"?>
<!DOCTYPE module SYSTEM "../messages.dtd">
<messages>
	<message id="entity_transfer_offer">Transferangebot</message>
	<message id="entity_transfer_offer_submitted_date">Angebotsdatum</message>
	<message id="entity_transfer_offer_player_id">Spieler</message>
	<message id="entity_transfer_offer_receiver_club_id">Empfängerverein</message>
	<message id="entity_transfer_offer_sender_club_id">Absenderverein</message>
	<message id="entity_transfer_offer_offer_amount">Ablösesumme</message>
	<message id="entity_transfer_offer_admin_approval_pending">benötigt Freigabe</message>
	<message id="entity_transfer_offer_sender_user_id">Absender</message>
	<message id="entity_transfer_offer_offer_message">Kommentar</message>
	<message id="entity_transfer_offer_offer_player1">Tauschspieler 1</message>
	<message id="entity_transfer_offer_offer_player2">Tauschspieler 2</message>
	<message id="entity_transfer_offer_rejected_date">Abgelehnt am</message>
</messages>
