<?xml version="1.0" encoding="utf-8"?>
<!DOCTYPE module SYSTEM "../messages.dtd">
<messages>
	
	<message id="validation_error_uniquecupname">There are already cups or cup matches with the specified cup name.</message> 
	<message id="managecuprounds_navlabel">Manage Cup Rounds</message>
	<message id="managecuprounds_label_create">Create new round</message>
	
	<message id="managecuprounds_infoalert_title">Create all rounds first!</message>
	<message id="managecuprounds_infoalert_msg">In order to let the system generate automatically matches in the winners or losers rounds, you first need to create all rounds before any cup match has been simulated.</message>
	
	<message id="managecuprounds_label_name">Name</message>
	<message id="managecuprounds_label_firstround_date">Date First Round</message>
	<message id="managecuprounds_label_secondround_date">Date Second Round</message>
	<message id="managecuprounds_label_create_secondround">Create second round.</message>
	<message id="managecuprounds_label_round_generation">Generate matches?</message>
	<message id="managecuprounds_label_groupmatches">Consists of group matches.</message>
	<message id="managecuprounds_label_finalround">Is final round (award will be payed after match has completed).</message>
	<message id="managecuprounds_label_previous_round">Previous round</message>
	
	<message id="managecuprounds_show_matches">Display matches</message>
	<message id="managecuprounds_add_match">Add match</message>
	<message id="managecuprounds_generate_matches">Generate from teams</message>
	<message id="managecuprounds_manage_groups">Manage groups</message>
	
	<message id="managecuprounds_next_round_winners">Winner plays at</message>
	<message id="managecuprounds_next_round_loosers">Loser plays at</message>
	
	<message id="option_self">Add matches manually</message>
	<message id="option_winners_from">Automatically generate from winners of previous round</message>
	<message id="option_loosers_from">Automatically generate from losers of previous round</message>
	<message id="option_generate_from_groups">Generate from groups phase</message>
	
	<message id="managecuprounds_generate_navlabel">Cup round: Generae matches</message>
	<message id="managecuprounds_generate_formlabel">Select attending teams</message>
	<message id="managecuprounds_generate_submitbutton">Generate matches</message>
	<message id="managecuprounds_generate_success">Matches successfully generated!</message>
	<message id="managecuprounds_generate_success_overviewlink">To the rounds overview</message>
	
	<message id="managecuprounds_generate_noroundspossible">No knock-out rounds possible with selected number of teams!</message>
	<message id="managecuprounds_generate_possiblerounds">Possible knock-out rounds</message>
	
	<message id="managecuprounds_groups_navlabel">Cup round: Manage groups</message>
	<message id="managecuprounds_groups_back">Back to rounds overview</message>
	<message id="managecuprounds_groups_nextrounds">Next rounds</message>
	<message id="managecuprounds_groups_label_create">Create new group</message>
	<message id="managecuprounds_group_label_name">Group name</message>
	<message id="managecuprounds_group_label_teams">Teams in this group</message>
	<message id="managecuprounds_groups_label_selectteams">Select teams for this group.</message>
	<message id="managecuprounds_groups_addteam">Add team</message>
	
	<message id="managecuprounds_groups_open_generate_matches_popup">Generate matches</message>
	
	<message id="managecuprounds_groups_generate_title">Create Schedule</message>
	<message id="managecuprounds_groups_generate_submit">Generate</message>
	<message id="managecuprounds_groups_generate_alert">Note: Already created matches will be deleted!</message>
	<message id="managecuprounds_groups_created_matches">created matches.</message>
</messages>