<?xml version="1.0" encoding="utf-8"?>
<!DOCTYPE module SYSTEM "../messages.dtd">
<messages>
    
    <message id="projectstatistics_title">Statistics</message>
    <message id="projectstatistics_onlineusers"><strong>%d managers are online</strong></message>
    <message id="projectstatistics_onlineusers_single"><strong>One manager is online</strong></message>
    <message id="projectstatistics_totalusers">We have <strong>%d</strong> registered users</message>
    
    <message id="projectstatistics_leagues">We play with <strong>%d</strong> leagues</message>
    <message id="projectstatistics_freeteams"><strong>%d</strong> clubs do not have any manager, yet</message>
</messages>