<?xml version="1.0" encoding="utf-8"?>
<!DOCTYPE module SYSTEM "../messages.dtd">
<messages>
    <message id="news_navlabel">News</message>
    <message id="news-details_navlabel">lesen</message>
    <message id="news_title">Neuigkeiten</message>
    <message id="news_no_items">Es sind noch keine Neuigkeiten vorhanden.</message>
    <message id="news_author">geschrieben von %s</message>
    <message id="news_related_links">Verwandte Links</message>
    
    <message id="news_block_title">Neuigkeiten</message>
    
</messages>