<?xml version="1.0" encoding="utf-8"?>
<!DOCTYPE messages SYSTEM "../messages.dtd">
<messages>
    <message id="entity_trainer">Trainer</message>
	<message id="entity_trainer_name">Name</message>
	<message id="entity_trainer_salary">Gehalt pro Einheit</message>
	<message id="entity_trainer_p_technique">Effektivität Techniktraining</message>
	<message id="entity_trainer_p_stamina">Effektivität Konditionstraining</message>
	<message id="entity_trainer_premiumfee">Premiumgebühr</message>
</messages>
