<?xml version="1.0" encoding="utf-8"?>
<!DOCTYPE module SYSTEM "../messages.dtd">
<messages>
	<message id="entity_transfers">Player Transfers</message>
	<message id="entity_transfers_datum">Date</message>
	<message id="entity_transfers_spieler_id">Player</message>
	<message id="entity_transfers_seller_club_id">Seller</message>
	<message id="entity_transfers_buyer_club_id">Buyer</message>
	<message id="entity_transfers_bid_amount">Transfer Money (Auction)</message>
	<message id="entity_transfers_directtransfer_amount">Transfer Money (direct)</message>
</messages>
