<?xml version="1.0" encoding="utf-8"?>
<!DOCTYPE messages SYSTEM "../messages.dtd">
<messages>
    <message id="transfermarket_navlabel">Transfer Market</message>
    <message id="transfermarket_title">Transfer Market</message>
    
    <message id="sell-player_navlabel">Sell Player</message>
    <message id="sell_player_title">Sell %s</message>
    <message id="sell_player_put_on_list_title">Put on Transfer List</message>
    
    <message id="transfermarket_min_bid">Minimum Bid</message>
    
    <message id="sell_player_min_bid_too_low">The minimum bid must be at least half of the player's market value.</message>
    <message id="sell_player_already_on_list">The player is already on the transfer list.</message>
    
    <message id="sell_player_teamsize_too_small">Your team size (%d) is too small. You cannot sell further players at the moment.</message>
    
    <message id="sell_player_success">The player is now available at the transfer market.</message>
    
    <message id="transfermarket_filter_by_position">Filter by position</message>
    
    <message id="transfermarket_no_players">Could not find any players on the transfer market.</message>
    <message id="transfermarket_playerscount">%d players found.</message>
    
    <message id="transfermarket_tab_overview">Current Transfer List</message>
    <message id="transfermarket_tab_mybids">My Bids</message>
    <message id="transfermarket_tab_mytransfers">My Transfers</message>
    <message id="transfermarket_tab_lasttransfers">Newest Transfers</message>
    
    <message id="transfermarket_head_deadline">Deadline</message>
    <message id="transfermarket_head_highestbid">Highest Bid</message>
    
    <message id="transfermarket_bid">Bid</message>
    
    <message id="transfermarket_without_team">without team</message>
    
    <message id="transfer-bid_navlabel">Bid</message>
    
    <message id="transfer_bid_title">Bid for %s</message>
    
    <message id="transfer_bid_playerinfo">Player Summary</message>
    
    <message id="transfer_bid_existing_max_bid">Existing Highest Bid</message>
    <message id="transfer_bid_no_existing_max_bid">No bids available for this player, yet!</message>
    <message id="transfer_bid_yourbid">Your Bid</message>
    
    <message id="transfer_bid_amount">Amount</message>
    <message id="transfer_bid_handmoney">Hand Money</message>
    <message id="transfer_bid_date">Date</message>
    <message id="transfer_bid_withoutfee">without fee</message>
    
    <message id="transfer_bid_on_own_player">You cannot bid for your own player.</message>
    
    <message id="transfer_bid_auction_ended">The auction is already ended.</message>
    <message id="transfer_bid_player_not_on_list">The player is not on the tranfer list (anymore).</message>
    <message id="transfer_bid_salary_too_less">The player does not want to move to your team for this salary.</message>
    <message id="transfer_bid_goalbonus_too_less">The player wants a higher goal bonus.</message>
    <message id="transfer_bid_too_many_transactions_with_user">Within the last 30 days you have already done %d trades with the opponent user. Further traded are not allowed at the moment.</message>
    <message id="transfer_bid_amount_must_be_higher">Your bid amount must be higher than %d.</message>
    <message id="transfer_bid_contract_conditions_too_low">Your offered contract cinditions are worse than the ones of the current highest bid.</message>
    <message id="transfer_bid_budget_too_less">Your team budget is not high enough for such an offer.</message>
    <message id="transfer_bid_budget_for_all_bids_too_less">Your team budget is not enough for all of your current highest bids.</message>
    
    <message id="transfer_bid_notification_outbidden">Your bid for {player} has been outbidden.</message>
    <message id="transfer_bid_notification_transfered">The player {player} is now part of your team.</message>
    
    <message id="transfer_bid_success">Your bid has been successfully saved.</message>
    
    <message id="transfermarket_countdown_days">Days</message>
    
    <message id="transfer_bids_nobids">No bids available.</message>
    <message id="transfer_bids_ishighest">Is currently highest bid</message>
    <message id="transfer_bids_overbidden">Has been overbidden</message>
    
    <message id="transfers_no_transfers">No transfers available.</message>
    
    <message id="transfer_date">Date</message>
    <message id="transfer_from">From</message>
    <message id="transfer_to">To</message>
    
    <message id="transfers_tab">Transfers</message>
    
    <message id="transfer_transaction_subject_handmoney">Paying hand money</message>
    <message id="transfer_transaction_subject_fee">Fee for player transfer</message>
    
    <message id="transfermarket_remove_label">Remove from transfer market</message>
    <message id="transfermarket_remove_err_bidexists">Someone has submitted a bid for this player. Therefore, he cannot be removed from the transfer market.</message>
    <message id="transfermarket_remove_success">The player is not on the transfer market anymore.</message>
</messages>