<?xml version="1.0" encoding="utf-8"?>
<!DOCTYPE module SYSTEM "../messages.dtd">
<messages>
    
    <message id="facebooklogin_failure">Die Anmeldung über Facebook wurde abgebrochen.</message>
    <message id="facebooklogin_success">Erfolgreich über Facebook angemeldet!</message>
    <message id="facebook_login_button">Über Facebook anmelden</message>
    
    <message id="facebooklogout_failure">Sie konnten nicht abgemeldet werden! Probieren Sie es noch einmal.</message>
    <message id="facebooklogout_success">Erfolgreich abgemeldet!</message>
    <message id="facebooklogout_success_details">Bitte beachten Sie, dass Sie aus Sicherheitsgründen auch aus Facebook abgemeldet wurden.</message>
</messages>