<?xml version="1.0" encoding="utf-8"?>
<!DOCTYPE module SYSTEM "../messages.dtd">
<messages>
	
	<message id="settings_label_trainingcamp_min_days">Minimum stay in training camp</message> 
	<message id="settings_label_trainingcamp_min_days_help">days</message> 
	
	<message id="settings_label_trainingcamp_max_days">Maximum stay in training camp</message> 
	<message id="settings_label_trainingcamp_max_days_help">days</message> 
	
	<message id="settings_label_trainingcamp_booking_max_days_in_future">Latest Booking</message> 
	<message id="settings_label_trainingcamp_booking_max_days_in_future_help">in days; Up to how many days in the future a user can book a training camp.</message> 
	
</messages>