<?xml version="1.0" encoding="utf-8"?>
<!DOCTYPE module SYSTEM "../messages.dtd">
<messages>
    <message id="entity_trainingcamp">Trainingslager</message>
	<message id="entity_trainingcamp_name">Name</message>
	<message id="entity_trainingcamp_land">Land</message>
	<message id="entity_trainingcamp_preis_spieler_tag">Kosten pro Spieler pro Tag</message>
	<message id="entity_trainingcamp_p_staerke">Effekt Stärke</message>
	<message id="entity_trainingcamp_p_technik">Effekt Technik</message>
	<message id="entity_trainingcamp_p_kondition">Effekt Kondition</message>
	<message id="entity_trainingcamp_p_frische">Effekt Frische</message>
	<message id="entity_trainingcamp_p_zufriedenheit">Effekt Zufriedenheit</message>
</messages>
