<?xml version="1.0" encoding="utf-8"?>
<!DOCTYPE module SYSTEM "../messages.dtd">
<messages>
    
    <message id="trainingcamp_navlabel">Pre-Season</message>
    
    <message id="trainingcamp_nocamps">Derzeit stehen noch keine Trainingslager zur Verfügung.</message>
    
    <message id="trainingcamp_bookedcamp">Gebuchtes Trainingslager</message>
    
    <message id="trainingcamp_startdate">Anreise</message>
    <message id="trainingcamp_enddate">Abreise</message>
    
    <message id="trainingcamp_delete">Stornieren</message>
    <message id="trainingcamp_delete_note">Sie können diese Buchung stornieren, jedoch werden die Kosten nicht erstattet.</message>
    
    <message id="trainingcamp_cancel_illegalid">Die Buchung konnte nicht (mehr) gefunden werden. Eventuell wurde sie bereits storniert oder liegt in der Vergangenheit.</message>
    <message id="trainingcamp_cancel_success">Die Buchung wurde erfolgreich storniert.</message>
    
    
    <message id="camp-details_navlabel">Trainingslager buchen</message>
    
    <message id="camp-detail_form_title">Buchen</message>
    
    <message id="camp-detail_start_date">Anreisedatum</message>
    <message id="camp-detail_days">Tage</message>
    <message id="camp-detail_days_help">Muss zwischen %d und %d sein.</message>
    
    <message id="trainingcamp_booking_err_invaliddays">Die Aufenthaltsdauer im Trainingslager muss zwischen %d und %d Tagen liegen.</message>
    <message id="trainingcamp_booking_err_dateinpast">Das Anreisedatum muss in der Zukunft liegen.</message>
    <message id="trainingcamp_booking_err_datetoofar">Das Anreisedatum muss innerhalb der nächsten %d Tage liegen.</message>
    <message id="trainingcamp_booking_err_existingbookings">Sie haben bereits ein Trainingslager gebucht. Sie können immer nur ein Trainingslager auf einmal buchen.</message>
    <message id="trainingcamp_booking_err_tooexpensive">Das Trainingslager können Sie sich im Moment nicht leisten.</message>
    <message id="trainingcamp_booking_err_matcheswithintimeframe">In diesem Zeitraum finden Spiele mit Ihrer Mannschaft statt.</message>
    
    <message id="trainingcamp_booking_costs_subject">Trainingslager</message>
    
    <message id="trainingcamp_booking_success">Das Trainingslager wurde erfolgreich gebucht!</message>
    
</messages>