<?xml version="1.0" encoding="utf-8"?>
<!DOCTYPE module SYSTEM "../messages.dtd">
<messages>
    <message id="entity_season">Season</message>
    
    <message id="entity_season_name">Name</message>
    <message id="entity_season_liga_id">League</message>
    <message id="entity_season_beendet">Is completed</message>
    
    <message id="entity_season_platz_1_id">First Place</message>
    <message id="entity_season_platz_2_id">Second Place</message>
    <message id="entity_season_platz_3_id">Third Place</message>
    <message id="entity_season_platz_4_id">Fourth Place</message>
    <message id="entity_season_platz_5_id">Fivth Place</message>
</messages>
