<?xml version="1.0" encoding="utf-8"?>
<!DOCTYPE messages SYSTEM "../messages.dtd">
<messages>
    <message id="entity_transaction">Kontotransaktionen</message>
    
	<message id="entity_transaction_verein_id">Empfänger</message>
	<message id="entity_transaction_datum">Datum</message>
	<message id="entity_transaction_absender">Absender</message>
	<message id="entity_transaction_betrag">Betrag</message>
	<message id="entity_transaction_betrag_help"><strong>Achtung:</strong> Das Vereinsbudget wird automatisch um diesen Betrag angepasst!</message>
	<message id="entity_transaction_absender_help">Kann auch nur ein Messages-Key sein.</message>
	<message id="entity_transaction_verwendung">Verwendungszweck</message>
	<message id="entity_transaction_verwendung_help">Kann auch nur ein Messages-Key sein.</message>
	
</messages>
