<?xml version="1.0" encoding="utf-8"?>
<!DOCTYPE messages SYSTEM "../messages.dtd">
<messages>
	
	<message id="settings_label_formation_max_next_matches">Formation submission: Next matches</message> 
	<message id="settings_label_formation_max_next_matches_help">For how many future matches a user can submit his tactics.</message>
	
	<message id="settings_label_formation_max_templates">Formation submission: Saving templates</message> 
	<message id="settings_label_formation_max_templates_help">Hoe many formations can be saved as templates. 0 for disabling the feature.</message>
</messages>