<?xml version="1.0" encoding="utf-8"?>
<!DOCTYPE messages SYSTEM "../messages.dtd">
<messages>
	
	<message id="settings_label_formation_max_next_matches">Aufstellungsabgabe: Nächste Spiele</message> 
	<message id="settings_label_formation_max_next_matches_help">Für wieviele Spiele in der Zukunft der Benutzer eine Aufstellung abgeben kann.</message>

	<message id="settings_label_formation_max_templates">Aufstellungsabgabe: Speichern von Vorlagen</message> 
	<message id="settings_label_formation_max_templates_help">Wieviele Aufstellungen als Vorlage zur Wiederverwendung gespeichert werden können. 0 für Deaktivierung der Funktion.</message>
</messages>