<?xml version="1.0" encoding="utf-8"?>
<!DOCTYPE module SYSTEM "../messages.dtd">
<messages>
    <message id="entity_sponsor">Sponsor</message>
	<message id="entity_sponsor_name">Name</message>
	<message id="entity_sponsor_liga_id">League</message>
	<message id="entity_sponsor_bild">Logo</message>
	<message id="entity_sponsor_b_spiel">Premium per Match</message>
	<message id="entity_sponsor_b_heimzuschlag">Bonus per home match</message>
	<message id="entity_sponsor_b_sieg">Bonus per win</message>
	<message id="entity_sponsor_b_meisterschaft">Bonus when winning the championship</message>
	<message id="entity_sponsor_max_teams">Maximum number of teams</message>
	<message id="entity_sponsor_min_platz">Minimum rank in league</message>
</messages>